[{"model": "contenttypes.contenttype", "pk": 1, "fields": {"app_label": "admin", "model": "logentry"}}, {"model": "contenttypes.contenttype", "pk": 2, "fields": {"app_label": "auth", "model": "permission"}}, {"model": "contenttypes.contenttype", "pk": 3, "fields": {"app_label": "auth", "model": "group"}}, {"model": "contenttypes.contenttype", "pk": 4, "fields": {"app_label": "auth", "model": "user"}}, {"model": "contenttypes.contenttype", "pk": 5, "fields": {"app_label": "contenttypes", "model": "contenttype"}}, {"model": "contenttypes.contenttype", "pk": 6, "fields": {"app_label": "sessions", "model": "session"}}, {"model": "contenttypes.contenttype", "pk": 7, "fields": {"app_label": "core", "model": "port"}}, {"model": "contenttypes.contenttype", "pk": 8, "fields": {"app_label": "core", "model": "system"}}, {"model": "contenttypes.contenttype", "pk": 9, "fields": {"app_label": "core", "model": "client"}}, {"model": "sessions.session", "pk": "3p7e1oriopvimy80o7ndtw27ve7yziw2", "fields": {"session_data": "ZmQwZWUxMGM0N2UxOGNiYzk2NGE0Y2YzYmMyZDg3NzlkNjI4OGJmNDp7Il9hdXRoX3VzZXJfaWQiOiIxIiwiX2F1dGhfdXNlcl9iYWNrZW5kIjoiZGphbmdvLmNvbnRyaWIuYXV0aC5iYWNrZW5kcy5Nb2RlbEJhY2tlbmQiLCJfYXV0aF91c2VyX2hhc2giOiJkMzkyYWRlODg0ODQ5ZDQ4M2Y5M2E1MzYxMzdmMjUwOTYwNmQ0MzFjIn0=", "expire_date": "2020-08-14T03:52:48.337Z"}}, {"model": "sessions.session", "pk": "z4usgrut3mqopkhz0ewel3hwf40hfq6z", "fields": {"session_data": "ZmQwZWUxMGM0N2UxOGNiYzk2NGE0Y2YzYmMyZDg3NzlkNjI4OGJmNDp7Il9hdXRoX3VzZXJfaWQiOiIxIiwiX2F1dGhfdXNlcl9iYWNrZW5kIjoiZGphbmdvLmNvbnRyaWIuYXV0aC5iYWNrZW5kcy5Nb2RlbEJhY2tlbmQiLCJfYXV0aF91c2VyX2hhc2giOiJkMzkyYWRlODg0ODQ5ZDQ4M2Y5M2E1MzYxMzdmMjUwOTYwNmQ0MzFjIn0=", "expire_date": "2020-08-14T13:20:51.391Z"}}, {"model": "sessions.session", "pk": "zmi71202yzmav288kjtgmdg1bkoz6gzz", "fields": {"session_data": "MDE4YTA0NDExNzQ2ZjdlYWNkOTBjZDVkOWYyYjJmMjA0NGM4ZjRjOTp7Il9hdXRoX3VzZXJfaWQiOiI0IiwiX2F1dGhfdXNlcl9iYWNrZW5kIjoiZGphbmdvLmNvbnRyaWIuYXV0aC5iYWNrZW5kcy5Nb2RlbEJhY2tlbmQiLCJfYXV0aF91c2VyX2hhc2giOiIyZDBjNzg0MzQwMjBkZGJhODQ0OTgxMzBmNzJjOWMxMzkzMTMxMzBlIn0=", "expire_date": "2020-08-14T03:25:25.826Z"}}, {"model": "sessions.session", "pk": "zy9bq4q6lol2aysv3r16ta3vpnmckr35", "fields": {"session_data": "ZmQwZWUxMGM0N2UxOGNiYzk2NGE0Y2YzYmMyZDg3NzlkNjI4OGJmNDp7Il9hdXRoX3VzZXJfaWQiOiIxIiwiX2F1dGhfdXNlcl9iYWNrZW5kIjoiZGphbmdvLmNvbnRyaWIuYXV0aC5iYWNrZW5kcy5Nb2RlbEJhY2tlbmQiLCJfYXV0aF91c2VyX2hhc2giOiJkMzkyYWRlODg0ODQ5ZDQ4M2Y5M2E1MzYxMzdmMjUwOTYwNmQ0MzFjIn0=", "expire_date": "2020-08-14T13:24:57.466Z"}}, {"model": "core.system", "pk": 1, "fields": {"initials": "CRM", "name": "Venda Consultiva"}}, {"model": "core.system", "pk": 2, "fields": {"initials": "GCW", "name": "GconfWeb"}}, {"model": "core.system", "pk": 3, "fields": {"initials": "GSE", "name": "Gest\u00e3o de Servi\u00e7os"}}, {"model": "core.system", "pk": 4, "fields": {"initials": "OCE", "name": "Oce\u00e2nica"}}, {"model": "core.system", "pk": 5, "fields": {"initials": "PLO", "name": "Portal da Loja"}}, {"model": "core.system", "pk": 6, "fields": {"initials": "POC", "name": "Portal Corporativo"}}, {"model": "core.system", "pk": 7, "fields": {"initials": "POR", "name": "Portal"}}, {"model": "core.port", "pk": 1, "fields": {"connector": 8005, "shutdown": 8100, "status": 2}}, {"model": "core.port", "pk": 2, "fields": {"connector": 8006, "shutdown": 8101, "status": 2}}, {"model": "core.port", "pk": 3, "fields": {"connector": 8007, "shutdown": 8102, "status": 2}}, {"model": "core.port", "pk": 4, "fields": {"connector": 8008, "shutdown": 8103, "status": 2}}, {"model": "core.port", "pk": 5, "fields": {"connector": 8010, "shutdown": 8104, "status": 2}}, {"model": "core.port", "pk": 6, "fields": {"connector": 8011, "shutdown": 8105, "status": 2}}, {"model": "core.port", "pk": 7, "fields": {"connector": 8012, "shutdown": 8106, "status": 2}}, {"model": "core.port", "pk": 8, "fields": {"connector": 8013, "shutdown": 8107, "status": 2}}, {"model": "core.port", "pk": 9, "fields": {"connector": 8014, "shutdown": 8108, "status": 2}}, {"model": "core.port", "pk": 10, "fields": {"connector": 8015, "shutdown": 8109, "status": 2}}, {"model": "core.port", "pk": 11, "fields": {"connector": 8016, "shutdown": 8110, "status": 2}}, {"model": "core.port", "pk": 12, "fields": {"connector": 8017, "shutdown": 8111, "status": 2}}, {"model": "core.port", "pk": 13, "fields": {"connector": 8018, "shutdown": 8112, "status": 2}}, {"model": "core.port", "pk": 14, "fields": {"connector": 8019, "shutdown": 8113, "status": 2}}, {"model": "core.port", "pk": 15, "fields": {"connector": 8020, "shutdown": 8114, "status": 2}}, {"model": "core.port", "pk": 16, "fields": {"connector": 8021, "shutdown": 8115, "status": 2}}, {"model": "core.port", "pk": 17, "fields": {"connector": 8022, "shutdown": 8116, "status": 2}}, {"model": "core.port", "pk": 18, "fields": {"connector": 8023, "shutdown": 8117, "status": 2}}, {"model": "core.port", "pk": 19, "fields": {"connector": 8024, "shutdown": 8118, "status": 1}}, {"model": "core.port", "pk": 20, "fields": {"connector": 8025, "shutdown": 8119, "status": 2}}, {"model": "core.port", "pk": 21, "fields": {"connector": 8026, "shutdown": 8120, "status": 2}}, {"model": "core.port", "pk": 22, "fields": {"connector": 8027, "shutdown": 8121, "status": 2}}, {"model": "core.port", "pk": 23, "fields": {"connector": 8028, "shutdown": 8122, "status": 2}}, {"model": "core.port", "pk": 24, "fields": {"connector": 8029, "shutdown": 8123, "status": 2}}, {"model": "core.port", "pk": 25, "fields": {"connector": 8030, "shutdown": 8124, "status": 2}}, {"model": "core.port", "pk": 26, "fields": {"connector": 8031, "shutdown": 8125, "status": 2}}, {"model": "core.port", "pk": 27, "fields": {"connector": 8032, "shutdown": 8126, "status": 2}}, {"model": "core.port", "pk": 28, "fields": {"connector": 8033, "shutdown": 8127, "status": 2}}, {"model": "core.port", "pk": 29, "fields": {"connector": 8034, "shutdown": 8128, "status": 2}}, {"model": "core.port", "pk": 30, "fields": {"connector": 8035, "shutdown": 8129, "status": 2}}, {"model": "core.port", "pk": 31, "fields": {"connector": 8036, "shutdown": 8130, "status": 2}}, {"model": "core.port", "pk": 32, "fields": {"connector": 8037, "shutdown": 8131, "status": 2}}, {"model": "core.port", "pk": 33, "fields": {"connector": 8038, "shutdown": 8132, "status": 2}}, {"model": "core.port", "pk": 34, "fields": {"connector": 8039, "shutdown": 8133, "status": 2}}, {"model": "core.port", "pk": 35, "fields": {"connector": 8040, "shutdown": 8134, "status": 2}}, {"model": "core.port", "pk": 36, "fields": {"connector": 8041, "shutdown": 8135, "status": 2}}, {"model": "core.port", "pk": 37, "fields": {"connector": 8042, "shutdown": 8136, "status": 2}}, {"model": "core.port", "pk": 38, "fields": {"connector": 8043, "shutdown": 8137, "status": 2}}, {"model": "core.port", "pk": 39, "fields": {"connector": 8044, "shutdown": 8138, "status": 2}}, {"model": "core.port", "pk": 40, "fields": {"connector": 8045, "shutdown": 8139, "status": 2}}, {"model": "core.port", "pk": 41, "fields": {"connector": 8046, "shutdown": 8140, "status": 2}}, {"model": "core.port", "pk": 42, "fields": {"connector": 8047, "shutdown": 8141, "status": 2}}, {"model": "core.port", "pk": 43, "fields": {"connector": 8048, "shutdown": 8142, "status": 2}}, {"model": "core.port", "pk": 44, "fields": {"connector": 8049, "shutdown": 8143, "status": 2}}, {"model": "core.port", "pk": 45, "fields": {"connector": 8050, "shutdown": 8144, "status": 2}}, {"model": "core.port", "pk": 46, "fields": {"connector": 8051, "shutdown": 8145, "status": 2}}, {"model": "core.port", "pk": 47, "fields": {"connector": 8052, "shutdown": 8146, "status": 2}}, {"model": "core.port", "pk": 48, "fields": {"connector": 8053, "shutdown": 8147, "status": 2}}, {"model": "core.port", "pk": 49, "fields": {"connector": 8054, "shutdown": 8148, "status": 2}}, {"model": "core.port", "pk": 50, "fields": {"connector": 8055, "shutdown": 8149, "status": 2}}, {"model": "core.port", "pk": 51, "fields": {"connector": 8056, "shutdown": 8150, "status": 2}}, {"model": "core.port", "pk": 52, "fields": {"connector": 8057, "shutdown": 8151, "status": 2}}, {"model": "core.port", "pk": 53, "fields": {"connector": 8058, "shutdown": 8152, "status": 2}}, {"model": "core.port", "pk": 54, "fields": {"connector": 8059, "shutdown": 8153, "status": 2}}, {"model": "core.port", "pk": 55, "fields": {"connector": 8060, "shutdown": 8154, "status": 2}}, {"model": "core.port", "pk": 56, "fields": {"connector": 8061, "shutdown": 8155, "status": 2}}, {"model": "core.port", "pk": 57, "fields": {"connector": 8062, "shutdown": 8156, "status": 2}}, {"model": "core.port", "pk": 58, "fields": {"connector": 8063, "shutdown": 8157, "status": 2}}, {"model": "core.port", "pk": 59, "fields": {"connector": 8064, "shutdown": 8158, "status": 2}}, {"model": "core.port", "pk": 60, "fields": {"connector": 8065, "shutdown": 8159, "status": 2}}, {"model": "core.port", "pk": 61, "fields": {"connector": 8066, "shutdown": 8160, "status": 2}}, {"model": "core.port", "pk": 62, "fields": {"connector": 8067, "shutdown": 8161, "status": 2}}, {"model": "core.port", "pk": 63, "fields": {"connector": 8068, "shutdown": 8162, "status": 2}}, {"model": "core.port", "pk": 64, "fields": {"connector": 8069, "shutdown": 8163, "status": 2}}, {"model": "core.port", "pk": 65, "fields": {"connector": 8070, "shutdown": 8164, "status": 2}}, {"model": "core.port", "pk": 66, "fields": {"connector": 8071, "shutdown": 8165, "status": 2}}, {"model": "core.port", "pk": 67, "fields": {"connector": 8072, "shutdown": 8166, "status": 2}}, {"model": "core.port", "pk": 68, "fields": {"connector": 8073, "shutdown": 8167, "status": 1}}, {"model": "core.port", "pk": 69, "fields": {"connector": 8074, "shutdown": 8168, "status": 1}}, {"model": "core.port", "pk": 70, "fields": {"connector": 8075, "shutdown": 8169, "status": 1}}, {"model": "core.port", "pk": 71, "fields": {"connector": 8076, "shutdown": 8170, "status": 1}}, {"model": "core.port", "pk": 72, "fields": {"connector": 8077, "shutdown": 8171, "status": 1}}, {"model": "core.port", "pk": 73, "fields": {"connector": 8078, "shutdown": 8172, "status": 1}}, {"model": "core.port", "pk": 74, "fields": {"connector": 8079, "shutdown": 8173, "status": 1}}, {"model": "core.port", "pk": 75, "fields": {"connector": 8080, "shutdown": 8174, "status": 1}}, {"model": "core.client", "pk": 1, "fields": {"name": "Cheff Solutions", "link": "http://webapps01.acom.net.br:8100/crm_cheffsolutions", "port": 1, "system": 1, "version": "2017-04-13", "status": "1"}}, {"model": "core.client", "pk": 2, "fields": {"name": "Cheff Solutions", "link": "http://webapps01.acom.net.br:8100/gse_cheffsolutions", "port": 1, "system": 3, "version": "2018-06-14", "status": "1"}}, {"model": "core.client", "pk": 3, "fields": {"name": "Cheff Solutions", "link": "http://webapps01.acom.net.br:8100/portal_cheffsolutions", "port": 1, "system": 7, "version": "2017-02-03", "status": "1"}}, {"model": "core.client", "pk": 4, "fields": {"name": "Oceanica", "link": "http://webapps01.acom.net.br:8101/oce", "port": 2, "system": 4, "version": "2013-12-17", "status": "1"}}, {"model": "core.client", "pk": 5, "fields": {"name": "Acom", "link": "http://webapps01.acom.net.br:8102/crm_acom", "port": 3, "system": 1, "version": "2016-09-14", "status": "1"}}, {"model": "core.client", "pk": 6, "fields": {"name": "Acom", "link": "http://webapps01.acom.net.br:8102/gse_acom", "port": 3, "system": 3, "version": "2016-09-16", "status": "1"}}, {"model": "core.client", "pk": 7, "fields": {"name": "Porto a Porto", "link": "http://webapps01.acom.net.br:8103/plo", "port": 4, "system": 5, "version": "2020-06-04", "status": "1"}}, {"model": "core.client", "pk": 8, "fields": {"name": "Alento", "link": "http://webapps01.acom.net.br:8104/plo", "port": 5, "system": 5, "version": "2020-06-04", "status": "1"}}, {"model": "core.client", "pk": 9, "fields": {"name": "O Brazeiro", "link": "http://webapps01.acom.net.br:8105/plo", "port": 6, "system": 5, "version": "2020-06-04", "status": "1"}}, {"model": "core.client", "pk": 10, "fields": {"name": "Trabuca", "link": "http://webapps01.acom.net.br:8106/poc_trabuca", "port": 7, "system": 6, "version": "2017-09-11", "status": "1"}}, {"model": "core.client", "pk": 11, "fields": {"name": "DIPZ", "link": "http://webapps01.acom.net.br:8107/plo", "port": 8, "system": 5, "version": "2020-06-04", "status": "1"}}, {"model": "core.client", "pk": 12, "fields": {"name": "Charles Edward", "link": "http://webapps01.acom.net.br:8108/poc_charlesedward", "port": 9, "system": 6, "version": "2017-09-11", "status": "1"}}, {"model": "core.client", "pk": 13, "fields": {"name": "A Chapa", "link": "http://webapps01.acom.net.br:8109/plo", "port": 10, "system": 5, "version": "2020-06-04", "status": "1"}}, {"model": "core.client", "pk": 14, "fields": {"name": "Manioca", "link": "http://webapps01.acom.net.br:8110/poc_manioca", "port": 11, "system": 6, "version": "2017-09-11", "status": "1"}}, {"model": "core.client", "pk": 15, "fields": {"name": "Casa Tavares", "link": "http://webapps01.acom.net.br:8111/poc_casatavares", "port": 12, "system": 6, "version": "2017-09-11", "status": "1"}}, {"model": "core.client", "pk": 16, "fields": {"name": "Junjunji", "link": "http://webapps01.acom.net.br:8112/poc_junjunji", "port": 13, "system": 6, "version": "2018-07-26", "status": "1"}}, {"model": "core.client", "pk": 17, "fields": {"name": "Arabia", "link": "http://webapps01.acom.net.br:8113/plo", "port": 14, "system": 5, "version": "2020-06-04", "status": "1"}}, {"model": "core.client", "pk": 18, "fields": {"name": "FDNM", "link": "http://webapps01.acom.net.br:8113/fdnm", "port": 14, "system": 5, "version": "2020-06-04", "status": "1"}}, {"model": "core.client", "pk": 19, "fields": {"name": "Bar Espirito Santo", "link": "http://webapps01.acom.net.br:8114/poc_barespiritosanto", "port": 15, "system": 6, "version": "2017-11-30", "status": "1"}}, {"model": "core.client", "pk": 20, "fields": {"name": "Grupo Alisios", "link": "http://webapps01.acom.net.br:8115/poc_galisios", "port": 16, "system": 6, "version": "2017-11-30", "status": "1"}}, {"model": "core.client", "pk": 21, "fields": {"name": "Tre Bicchieri", "link": "http://webapps01.acom.net.br:8116/plo", "port": 17, "system": 5, "version": "2020-06-04", "status": "1"}}, {"model": "core.client", "pk": 22, "fields": {"name": "Vamo", "link": "http://webapps01.acom.net.br:8117/plo", "port": 18, "system": 5, "version": "2020-06-04", "status": "1"}}, {"model": "core.client", "pk": 23, "fields": {"name": "Tessen", "link": "http://webapps01.acom.net.br:8118/poc_tessen", "port": 29, "system": 6, "version": "2017-03-31", "status": "1"}}, {"model": "core.client", "pk": 24, "fields": {"name": "Vinil Burguer", "link": "http://webapps01.acom.net.br:8119/plo", "port": 20, "system": 5, "version": "2020-06-04", "status": "1"}}, {"model": "core.client", "pk": 25, "fields": {"name": "Mercovino", "link": "http://webapps01.acom.net.br:8120/poc_mercovino", "port": 21, "system": 6, "version": "2017-09-11", "status": "1"}}, {"model": "core.client", "pk": 26, "fields": {"name": "Villa Roxa", "link": "http://webapps01.acom.net.br:8121/poc_villaroxa", "port": 22, "system": 6, "version": "2017-09-11", "status": "1"}}, {"model": "core.client", "pk": 27, "fields": {"name": "Mancini", "link": "http://webapps01.acom.net.br:8122/plo", "port": 23, "system": 5, "version": "2020-06-04", "status": "1"}}, {"model": "core.client", "pk": 28, "fields": {"name": "Jardim Napoli", "link": "http://webapps01.acom.net.br:8123/poc_jardimnapoli", "port": 24, "system": 6, "version": "2017-06-05", "status": "1"}}, {"model": "core.client", "pk": 29, "fields": {"name": "Bar do Juarez", "link": "http://webapps01.acom.net.br:8124/plo", "port": 25, "system": 5, "version": "2020-06-04", "status": "1"}}, {"model": "core.client", "pk": 30, "fields": {"name": "Galli", "link": "http://webapps01.acom.net.br:8125/poc_galli", "port": 26, "system": 6, "version": "2015-12-07", "status": "1"}}, {"model": "core.client", "pk": 31, "fields": {"name": "Vamo", "link": "http://webapps01.acom.net.br:8125/poc_vamo", "port": 26, "system": 6, "version": "2015-12-07", "status": "1"}}, {"model": "core.client", "pk": 32, "fields": {"name": "NOU", "link": "http://webapps01.acom.net.br:8126/plo", "port": 27, "system": 5, "version": "2020-06-04", "status": "1"}}, {"model": "core.client", "pk": 33, "fields": {"name": "Quintal do Espeto", "link": "http://webapps01.acom.net.br:8127/plo", "port": 28, "system": 5, "version": "2020-06-04", "status": "1"}}, {"model": "core.client", "pk": 34, "fields": {"name": "Grillet", "link": "http://webapps01.acom.net.br:8128/poc_grillet", "port": 29, "system": 6, "version": "2015-12-16", "status": "1"}}, {"model": "core.client", "pk": 35, "fields": {"name": "Chez Lorena", "link": "http://webapps01.acom.net.br:8129/plo", "port": 30, "system": 5, "version": "2020-06-04", "status": "1"}}, {"model": "core.client", "pk": 36, "fields": {"name": "Esch Caf\u00e9", "link": "http://webapps01.acom.net.br:8130/poc_eschcafe", "port": 31, "system": 6, "version": "2016-05-13", "status": "1"}}, {"model": "core.client", "pk": 37, "fields": {"name": "Arabia", "link": "http://webapps01.acom.net.br:8131/poc_arabia", "port": 32, "system": 6, "version": "2015-12-16", "status": "1"}}, {"model": "core.client", "pk": 38, "fields": {"name": "LePain", "link": "http://webapps01.acom.net.br:8132/plo", "port": 33, "system": 5, "version": "2020-06-04", "status": "1"}}, {"model": "core.client", "pk": 39, "fields": {"name": "Leite Com Caf\u00e9", "link": "http://webapps01.acom.net.br:8133/plo", "port": 34, "system": 5, "version": "2020-06-04", "status": "1"}}, {"model": "core.client", "pk": 40, "fields": {"name": "Veridiana", "link": "http://webapps01.acom.net.br:8134/poc_veridiana", "port": 35, "system": 6, "version": "2016-04-04", "status": "1"}}, {"model": "core.client", "pk": 41, "fields": {"name": "Vile Du Vin", "link": "http://webapps01.acom.net.br:8135/poc_villeduvin", "port": 36, "system": 6, "version": "2016-03-04", "status": "1"}}, {"model": "core.client", "pk": 42, "fields": {"name": "Speranza", "link": "http://webapps01.acom.net.br:8136/poc_speranza", "port": 37, "system": 6, "version": "2017-09-11", "status": "1"}}, {"model": "core.client", "pk": 43, "fields": {"name": "Tresf", "link": "http://webapps01.acom.net.br:8137/poc_tresf", "port": 38, "system": 6, "version": "2017-05-08", "status": "1"}}, {"model": "core.client", "pk": 44, "fields": {"name": "TrendFoods", "link": "http://webapps01.acom.net.br:8138/poc_trendfoods", "port": 39, "system": 6, "version": "2017-09-11", "status": "1"}}, {"model": "core.client", "pk": 45, "fields": {"name": "Galetos", "link": "http://webapps01.acom.net.br:8139/plo", "port": 40, "system": 5, "version": "2020-06-04", "status": "1"}}, {"model": "core.client", "pk": 46, "fields": {"name": "Highline", "link": "http://webapps01.acom.net.br:8140/poc_highline", "port": 41, "system": 6, "version": "2017-09-11", "status": "1"}}, {"model": "core.client", "pk": 47, "fields": {"name": "Acom", "link": "http://webapps01.acom.net.br:8141/gconfweb", "port": 42, "system": 2, "version": "2020-03-31", "status": "1"}}, {"model": "core.client", "pk": 48, "fields": {"name": "Acom Teste", "link": "http://webapps01.acom.net.br:8141/gconfweb1", "port": 42, "system": 2, "version": "2020-06-04", "status": "1"}}, {"model": "core.client", "pk": 49, "fields": {"name": "PLO TESTE", "link": "http://webapps01.acom.net.br:8142/plo", "port": 43, "system": 5, "version": "2020-06-04", "status": "1"}}, {"model": "core.client", "pk": 50, "fields": {"name": "3 Brasseurs", "link": "http://webapps01.acom.net.br:8143/plo", "port": 44, "system": 5, "version": "2020-06-04", "status": "1"}}, {"model": "core.client", "pk": 51, "fields": {"name": "Charlo", "link": "http://webapps01.acom.net.br:8144/plo", "port": 45, "system": 5, "version": "2020-06-04", "status": "1"}}, {"model": "core.client", "pk": 52, "fields": {"name": "Guaco", "link": "http://webapps01.acom.net.br:8145/plo", "port": 46, "system": 5, "version": "2020-06-04", "status": "1"}}, {"model": "core.client", "pk": 53, "fields": {"name": "LeEntrecote", "link": "http://webapps01.acom.net.br:8146/plo", "port": 47, "system": 5, "version": "2020-06-04", "status": "1"}}, {"model": "core.client", "pk": 54, "fields": {"name": "Aoyama", "link": "http://webapps01.acom.net.br:8147/plo", "port": 48, "system": 5, "version": "2020-06-04", "status": "1"}}, {"model": "core.client", "pk": 55, "fields": {"name": "Moriohta", "link": "http://webapps01.acom.net.br:8148/plo", "port": 49, "system": 5, "version": "2020-06-04", "status": "1"}}, {"model": "core.client", "pk": 56, "fields": {"name": "Rubaiyat", "link": "http://webapps01.acom.net.br:8149/plo", "port": 50, "system": 5, "version": "2020-06-04", "status": "1"}}, {"model": "core.client", "pk": 57, "fields": {"name": "Coronels", "link": "http://webapps01.acom.net.br:8150/plo", "port": 51, "system": 5, "version": "2020-06-04", "status": "1"}}, {"model": "core.client", "pk": 58, "fields": {"name": "Veloso Bar", "link": "http://webapps01.acom.net.br:8151/plo", "port": 52, "system": 5, "version": "2020-06-04", "status": "1"}}, {"model": "core.client", "pk": 59, "fields": {"name": "Divina Panqueca", "link": "http://webapps01.acom.net.br:8152/plo", "port": 53, "system": 5, "version": "2020-06-04", "status": "1"}}, {"model": "core.client", "pk": 60, "fields": {"name": "Corrientes348", "link": "http://webapps01.acom.net.br:8153/poc", "port": 54, "system": 6, "version": "2018-07-12", "status": "1"}}, {"model": "core.client", "pk": 61, "fields": {"name": "S\u00e3o Bento", "link": "http://webapps01.acom.net.br:8154/plo", "port": 55, "system": 5, "version": "2020-06-04", "status": "1"}}, {"model": "core.client", "pk": 62, "fields": {"name": "Mamma Jamma", "link": "http://webapps01.acom.net.br:8155/plo", "port": 56, "system": 5, "version": "2020-06-04", "status": "1"}}, {"model": "core.client", "pk": 63, "fields": {"name": "Tammy", "link": "http://webapps01.acom.net.br:8156/plo", "port": 57, "system": 5, "version": "2020-06-04", "status": "1"}}, {"model": "core.client", "pk": 64, "fields": {"name": "Galli", "link": "http://webapps01.acom.net.br:8157/plo", "port": 58, "system": 5, "version": "2020-06-04", "status": "1"}}, {"model": "core.client", "pk": 65, "fields": {"name": "Le Botteghe", "link": "http://webapps01.acom.net.br:8158/plo", "port": 59, "system": 5, "version": "2020-06-04", "status": "1"}}, {"model": "core.client", "pk": 66, "fields": {"name": "Ifinance", "link": "http://webapps01.acom.net.br:8159/plo", "port": 60, "system": 5, "version": "2020-06-04", "status": "1"}}, {"model": "core.client", "pk": 67, "fields": {"name": "Five Capital", "link": "http://webapps01.acom.net.br:8160/plo", "port": 61, "system": 5, "version": "2020-06-04", "status": "1"}}, {"model": "core.client", "pk": 68, "fields": {"name": "Oceanica", "link": "http://webapps01.acom.net.br:8161/osw", "port": 62, "system": 4, "version": "2019-07-31", "status": "1"}}, {"model": "core.client", "pk": 69, "fields": {"name": "Pasquim", "link": "http://webapps01.acom.net.br:8162/plo/", "port": 63, "system": 5, "version": "2020-06-04", "status": "1"}}, {"model": "core.client", "pk": 70, "fields": {"name": "AuAu", "link": "http://webapps01.acom.net.br:8163/plo", "port": 64, "system": 5, "version": "2020-06-04", "status": "1"}}, {"model": "core.client", "pk": 71, "fields": {"name": "Cupim", "link": "http://webapps01.acom.net.br:8163/cupim", "port": 64, "system": 5, "version": "2020-06-04", "status": "1"}}, {"model": "core.client", "pk": 72, "fields": {"name": "Manioca", "link": "http://webapps01.acom.net.br:8163/manioca", "port": 64, "system": 5, "version": "2020-06-04", "status": "1"}}, {"model": "core.client", "pk": 73, "fields": {"name": "CGC", "link": "http://webapps01.acom.net.br:8164/plo", "port": 65, "system": 5, "version": "2020-06-04", "status": "1"}}, {"model": "core.client", "pk": 74, "fields": {"name": "BUP", "link": "http://webapps01.acom.net.br:8165/plo", "port": 66, "system": 5, "version": "2020-06-04", "status": "1"}}, {"model": "core.client", "pk": 75, "fields": {"name": "MOMA", "link": "http://webapps01.acom.net.br:8166/plo", "port": 67, "system": 5, "version": "2020-06-04", "status": "1"}}, {"model": "auth.permission", "pk": 1, "fields": {"name": "Can add log entry", "content_type": 1, "codename": "add_logentry"}}, {"model": "auth.permission", "pk": 2, "fields": {"name": "Can change log entry", "content_type": 1, "codename": "change_logentry"}}, {"model": "auth.permission", "pk": 3, "fields": {"name": "Can delete log entry", "content_type": 1, "codename": "delete_logentry"}}, {"model": "auth.permission", "pk": 4, "fields": {"name": "Can view log entry", "content_type": 1, "codename": "view_logentry"}}, {"model": "auth.permission", "pk": 5, "fields": {"name": "Can add permission", "content_type": 2, "codename": "add_permission"}}, {"model": "auth.permission", "pk": 6, "fields": {"name": "Can change permission", "content_type": 2, "codename": "change_permission"}}, {"model": "auth.permission", "pk": 7, "fields": {"name": "Can delete permission", "content_type": 2, "codename": "delete_permission"}}, {"model": "auth.permission", "pk": 8, "fields": {"name": "Can view permission", "content_type": 2, "codename": "view_permission"}}, {"model": "auth.permission", "pk": 9, "fields": {"name": "Can add group", "content_type": 3, "codename": "add_group"}}, {"model": "auth.permission", "pk": 10, "fields": {"name": "Can change group", "content_type": 3, "codename": "change_group"}}, {"model": "auth.permission", "pk": 11, "fields": {"name": "Can delete group", "content_type": 3, "codename": "delete_group"}}, {"model": "auth.permission", "pk": 12, "fields": {"name": "Can view group", "content_type": 3, "codename": "view_group"}}, {"model": "auth.permission", "pk": 13, "fields": {"name": "Can add user", "content_type": 4, "codename": "add_user"}}, {"model": "auth.permission", "pk": 14, "fields": {"name": "Can change user", "content_type": 4, "codename": "change_user"}}, {"model": "auth.permission", "pk": 15, "fields": {"name": "Can delete user", "content_type": 4, "codename": "delete_user"}}, {"model": "auth.permission", "pk": 16, "fields": {"name": "Can view user", "content_type": 4, "codename": "view_user"}}, {"model": "auth.permission", "pk": 17, "fields": {"name": "Can add content type", "content_type": 5, "codename": "add_contenttype"}}, {"model": "auth.permission", "pk": 18, "fields": {"name": "Can change content type", "content_type": 5, "codename": "change_contenttype"}}, {"model": "auth.permission", "pk": 19, "fields": {"name": "Can delete content type", "content_type": 5, "codename": "delete_contenttype"}}, {"model": "auth.permission", "pk": 20, "fields": {"name": "Can view content type", "content_type": 5, "codename": "view_contenttype"}}, {"model": "auth.permission", "pk": 21, "fields": {"name": "Can add session", "content_type": 6, "codename": "add_session"}}, {"model": "auth.permission", "pk": 22, "fields": {"name": "Can change session", "content_type": 6, "codename": "change_session"}}, {"model": "auth.permission", "pk": 23, "fields": {"name": "Can delete session", "content_type": 6, "codename": "delete_session"}}, {"model": "auth.permission", "pk": 24, "fields": {"name": "Can view session", "content_type": 6, "codename": "view_session"}}, {"model": "auth.permission", "pk": 25, "fields": {"name": "Can add port", "content_type": 7, "codename": "add_port"}}, {"model": "auth.permission", "pk": 26, "fields": {"name": "Can change port", "content_type": 7, "codename": "change_port"}}, {"model": "auth.permission", "pk": 27, "fields": {"name": "Can delete port", "content_type": 7, "codename": "delete_port"}}, {"model": "auth.permission", "pk": 28, "fields": {"name": "Can view port", "content_type": 7, "codename": "view_port"}}, {"model": "auth.permission", "pk": 29, "fields": {"name": "Can add system", "content_type": 8, "codename": "add_system"}}, {"model": "auth.permission", "pk": 30, "fields": {"name": "Can change system", "content_type": 8, "codename": "change_system"}}, {"model": "auth.permission", "pk": 31, "fields": {"name": "Can delete system", "content_type": 8, "codename": "delete_system"}}, {"model": "auth.permission", "pk": 32, "fields": {"name": "Can view system", "content_type": 8, "codename": "view_system"}}, {"model": "auth.permission", "pk": 33, "fields": {"name": "Can add client", "content_type": 9, "codename": "add_client"}}, {"model": "auth.permission", "pk": 34, "fields": {"name": "Can change client", "content_type": 9, "codename": "change_client"}}, {"model": "auth.permission", "pk": 35, "fields": {"name": "Can delete client", "content_type": 9, "codename": "delete_client"}}, {"model": "auth.permission", "pk": 36, "fields": {"name": "Can view client", "content_type": 9, "codename": "view_client"}}, {"model": "auth.user", "pk": 1, "fields": {"password": "pbkdf2_sha256$180000$jEgZIwbwfDKX$iDOdk2CdCFTX/4jS/L3/wQdJPW6X4NrACacXBqOjURE=", "last_login": "2020-07-31T13:24:57.457Z", "is_superuser": true, "username": "sara", "first_name": "Sara", "last_name": "Ferreira", "email": "ferreirasara1501@hotmail.com", "is_staff": true, "is_active": true, "date_joined": "2020-07-31T00:57:51Z", "groups": [], "user_permissions": [1, 2, 3, 4, 9, 10, 11, 12, 5, 6, 7, 8, 13, 14, 15, 16, 17, 18, 19, 20, 33, 34, 35, 36, 25, 26, 27, 28, 29, 30, 31, 32, 21, 22, 23, 24]}}, {"model": "auth.user", "pk": 4, "fields": {"password": "pbkdf2_sha256$180000$xDTLZhAEqiz3$haHtTIvAloOm6jmeTckcnwCqagtNvvhc0FXFyY5Sl4o=", "last_login": "2020-07-31T03:25:25.819Z", "is_superuser": true, "username": "admin", "first_name": "Administrador", "last_name": "", "email": "", "is_staff": true, "is_active": true, "date_joined": "2020-07-31T03:23:32Z", "groups": [], "user_permissions": [1, 2, 3, 4, 9, 10, 11, 12, 5, 6, 7, 8, 13, 14, 15, 16, 17, 18, 19, 20, 33, 34, 35, 36, 25, 26, 27, 28, 29, 30, 31, 32, 21, 22, 23, 24]}}, {"model": "admin.logentry", "pk": 1, "fields": {"action_time": "2020-07-31T00:58:40.646Z", "user": 1, "content_type": 8, "object_id": "1", "object_repr": "[PLO] Portal da Loja", "action_flag": 1, "change_message": "[{\"added\": {}}]"}}, {"model": "admin.logentry", "pk": 2, "fields": {"action_time": "2020-07-31T01:01:44.645Z", "user": 1, "content_type": 8, "object_id": "1", "object_repr": "[PLO] Portal da Loja", "action_flag": 3, "change_message": ""}}, {"model": "admin.logentry", "pk": 3, "fields": {"action_time": "2020-07-31T01:18:29.825Z", "user": 1, "content_type": 9, "object_id": "8", "object_repr": "teste", "action_flag": 1, "change_message": "[{\"added\": {}}]"}}, {"model": "admin.logentry", "pk": 4, "fields": {"action_time": "2020-07-31T02:31:11.933Z", "user": 1, "content_type": 4, "object_id": "1", "object_repr": "sara", "action_flag": 2, "change_message": "[{\"changed\": {\"fields\": [\"First name\", \"Last name\", \"Email address\", \"User permissions\"]}}]"}}, {"model": "admin.logentry", "pk": 5, "fields": {"action_time": "2020-07-31T03:14:29.679Z", "user": 1, "content_type": 4, "object_id": "3", "object_repr": "sarinha", "action_flag": 3, "change_message": ""}}, {"model": "admin.logentry", "pk": 6, "fields": {"action_time": "2020-07-31T03:14:29.683Z", "user": 1, "content_type": 4, "object_id": "2", "object_repr": "teste", "action_flag": 3, "change_message": ""}}, {"model": "admin.logentry", "pk": 7, "fields": {"action_time": "2020-07-31T03:24:27.977Z", "user": 1, "content_type": 4, "object_id": "4", "object_repr": "admin", "action_flag": 2, "change_message": "[{\"changed\": {\"fields\": [\"First name\", \"User permissions\"]}}]"}}]