[{"model": "contenttypes.contenttype", "pk": 1, "fields": {"app_label": "admin", "model": "logentry"}}, {"model": "contenttypes.contenttype", "pk": 2, "fields": {"app_label": "auth", "model": "permission"}}, {"model": "contenttypes.contenttype", "pk": 3, "fields": {"app_label": "auth", "model": "group"}}, {"model": "contenttypes.contenttype", "pk": 4, "fields": {"app_label": "auth", "model": "user"}}, {"model": "contenttypes.contenttype", "pk": 5, "fields": {"app_label": "contenttypes", "model": "contenttype"}}, {"model": "contenttypes.contenttype", "pk": 6, "fields": {"app_label": "sessions", "model": "session"}}, {"model": "contenttypes.contenttype", "pk": 7, "fields": {"app_label": "core", "model": "port"}}, {"model": "contenttypes.contenttype", "pk": 8, "fields": {"app_label": "core", "model": "system"}}, {"model": "contenttypes.contenttype", "pk": 9, "fields": {"app_label": "core", "model": "client"}}, {"model": "sessions.session", "pk": "3p7e1oriopvimy80o7ndtw27ve7yziw2", "fields": {"session_data": "ZmQwZWUxMGM0N2UxOGNiYzk2NGE0Y2YzYmMyZDg3NzlkNjI4OGJmNDp7Il9hdXRoX3VzZXJfaWQiOiIxIiwiX2F1dGhfdXNlcl9iYWNrZW5kIjoiZGphbmdvLmNvbnRyaWIuYXV0aC5iYWNrZW5kcy5Nb2RlbEJhY2tlbmQiLCJfYXV0aF91c2VyX2hhc2giOiJkMzkyYWRlODg0ODQ5ZDQ4M2Y5M2E1MzYxMzdmMjUwOTYwNmQ0MzFjIn0=", "expire_date": "2020-08-14T03:52:48.337Z"}}, {"model": "sessions.session", "pk": "zmi71202yzmav288kjtgmdg1bkoz6gzz", "fields": {"session_data": "MDE4YTA0NDExNzQ2ZjdlYWNkOTBjZDVkOWYyYjJmMjA0NGM4ZjRjOTp7Il9hdXRoX3VzZXJfaWQiOiI0IiwiX2F1dGhfdXNlcl9iYWNrZW5kIjoiZGphbmdvLmNvbnRyaWIuYXV0aC5iYWNrZW5kcy5Nb2RlbEJhY2tlbmQiLCJfYXV0aF91c2VyX2hhc2giOiIyZDBjNzg0MzQwMjBkZGJhODQ0OTgxMzBmNzJjOWMxMzkzMTMxMzBlIn0=", "expire_date": "2020-08-14T03:25:25.826Z"}}, {"model": "core.system", "pk": 2, "fields": {"initials": "PLO", "name": "Portal da Loja"}}, {"model": "core.system", "pk": 3, "fields": {"initials": "GCW", "name": "GconfWeb"}}, {"model": "core.system", "pk": 4, "fields": {"initials": "GSE", "name": "Gest\u00e3o de Servi\u00e7os"}}, {"model": "core.system", "pk": 5, "fields": {"initials": "OCE", "name": "Oce\u00e2nica"}}, {"model": "core.system", "pk": 6, "fields": {"initials": "CRM", "name": "Venda Consultiva"}}, {"model": "core.system", "pk": 7, "fields": {"initials": "POC", "name": "Portal Corporativo"}}, {"model": "core.system", "pk": 8, "fields": {"initials": "POR", "name": "Portal"}}, {"model": "core.system", "pk": 13, "fields": {"initials": "TES", "name": "teste"}}, {"model": "core.port", "pk": 4, "fields": {"connector": 8005, "shutdown": 8100}}, {"model": "core.port", "pk": 5, "fields": {"connector": 8006, "shutdown": 8101}}, {"model": "core.port", "pk": 6, "fields": {"connector": 8007, "shutdown": 8102}}, {"model": "core.port", "pk": 7, "fields": {"connector": 8007, "shutdown": 8102}}, {"model": "core.port", "pk": 8, "fields": {"connector": 8008, "shutdown": 8103}}, {"model": "core.port", "pk": 9, "fields": {"connector": 8010, "shutdown": 8104}}, {"model": "core.port", "pk": 10, "fields": {"connector": 8011, "shutdown": 8105}}, {"model": "core.port", "pk": 11, "fields": {"connector": 8012, "shutdown": 8106}}, {"model": "core.port", "pk": 12, "fields": {"connector": 8013, "shutdown": 8107}}, {"model": "core.port", "pk": 13, "fields": {"connector": 8014, "shutdown": 8108}}, {"model": "core.port", "pk": 14, "fields": {"connector": 8015, "shutdown": 8109}}, {"model": "core.port", "pk": 15, "fields": {"connector": 8016, "shutdown": 8110}}, {"model": "core.port", "pk": 16, "fields": {"connector": 8017, "shutdown": 8111}}, {"model": "core.port", "pk": 17, "fields": {"connector": 8018, "shutdown": 8112}}, {"model": "core.port", "pk": 18, "fields": {"connector": 8019, "shutdown": 8113}}, {"model": "core.port", "pk": 19, "fields": {"connector": 8019, "shutdown": 8113}}, {"model": "core.port", "pk": 20, "fields": {"connector": 8020, "shutdown": 8114}}, {"model": "core.port", "pk": 21, "fields": {"connector": 8021, "shutdown": 8115}}, {"model": "core.port", "pk": 22, "fields": {"connector": 8022, "shutdown": 8116}}, {"model": "core.port", "pk": 23, "fields": {"connector": 8023, "shutdown": 8117}}, {"model": "core.port", "pk": 24, "fields": {"connector": 8024, "shutdown": 8118}}, {"model": "core.port", "pk": 25, "fields": {"connector": 8025, "shutdown": 8119}}, {"model": "core.port", "pk": 26, "fields": {"connector": 8026, "shutdown": 8120}}, {"model": "core.port", "pk": 27, "fields": {"connector": 8027, "shutdown": 8121}}, {"model": "core.port", "pk": 28, "fields": {"connector": 8028, "shutdown": 8122}}, {"model": "core.port", "pk": 29, "fields": {"connector": 8029, "shutdown": 8123}}, {"model": "core.port", "pk": 30, "fields": {"connector": 8030, "shutdown": 8124}}, {"model": "core.port", "pk": 31, "fields": {"connector": 8031, "shutdown": 8125}}, {"model": "core.port", "pk": 32, "fields": {"connector": 8031, "shutdown": 8125}}, {"model": "core.port", "pk": 33, "fields": {"connector": 8032, "shutdown": 8126}}, {"model": "core.port", "pk": 34, "fields": {"connector": 8033, "shutdown": 8127}}, {"model": "core.port", "pk": 35, "fields": {"connector": 8034, "shutdown": 8128}}, {"model": "core.port", "pk": 36, "fields": {"connector": 8035, "shutdown": 8129}}, {"model": "core.port", "pk": 37, "fields": {"connector": 8036, "shutdown": 8130}}, {"model": "core.port", "pk": 38, "fields": {"connector": 8037, "shutdown": 8131}}, {"model": "core.port", "pk": 39, "fields": {"connector": 8038, "shutdown": 8132}}, {"model": "core.port", "pk": 40, "fields": {"connector": 8039, "shutdown": 8133}}, {"model": "core.port", "pk": 41, "fields": {"connector": 8040, "shutdown": 8134}}, {"model": "core.port", "pk": 42, "fields": {"connector": 8041, "shutdown": 8135}}, {"model": "core.port", "pk": 43, "fields": {"connector": 8042, "shutdown": 8136}}, {"model": "core.port", "pk": 44, "fields": {"connector": 8043, "shutdown": 8137}}, {"model": "core.port", "pk": 45, "fields": {"connector": 8044, "shutdown": 8138}}, {"model": "core.port", "pk": 46, "fields": {"connector": 8045, "shutdown": 8139}}, {"model": "core.port", "pk": 47, "fields": {"connector": 8046, "shutdown": 8140}}, {"model": "core.port", "pk": 48, "fields": {"connector": 8047, "shutdown": 8141}}, {"model": "core.port", "pk": 49, "fields": {"connector": 8047, "shutdown": 8141}}, {"model": "core.port", "pk": 50, "fields": {"connector": 8048, "shutdown": 8142}}, {"model": "core.port", "pk": 51, "fields": {"connector": 8049, "shutdown": 8143}}, {"model": "core.port", "pk": 52, "fields": {"connector": 8050, "shutdown": 8144}}, {"model": "core.port", "pk": 53, "fields": {"connector": 8051, "shutdown": 8145}}, {"model": "core.port", "pk": 54, "fields": {"connector": 8052, "shutdown": 8146}}, {"model": "core.port", "pk": 55, "fields": {"connector": 8053, "shutdown": 8147}}, {"model": "core.port", "pk": 56, "fields": {"connector": 8054, "shutdown": 8148}}, {"model": "core.port", "pk": 57, "fields": {"connector": 8055, "shutdown": 8149}}, {"model": "core.port", "pk": 58, "fields": {"connector": 8056, "shutdown": 8150}}, {"model": "core.port", "pk": 59, "fields": {"connector": 8057, "shutdown": 8151}}, {"model": "core.port", "pk": 60, "fields": {"connector": 8058, "shutdown": 8152}}, {"model": "core.port", "pk": 61, "fields": {"connector": 8059, "shutdown": 8153}}, {"model": "core.port", "pk": 62, "fields": {"connector": 8060, "shutdown": 8154}}, {"model": "core.port", "pk": 63, "fields": {"connector": 8061, "shutdown": 8155}}, {"model": "core.port", "pk": 64, "fields": {"connector": 8062, "shutdown": 8156}}, {"model": "core.port", "pk": 65, "fields": {"connector": 8063, "shutdown": 8157}}, {"model": "core.port", "pk": 66, "fields": {"connector": 8064, "shutdown": 8158}}, {"model": "core.port", "pk": 67, "fields": {"connector": 8065, "shutdown": 8159}}, {"model": "core.port", "pk": 68, "fields": {"connector": 8066, "shutdown": 8160}}, {"model": "core.port", "pk": 69, "fields": {"connector": 8067, "shutdown": 8161}}, {"model": "core.port", "pk": 70, "fields": {"connector": 8068, "shutdown": 8162}}, {"model": "core.port", "pk": 71, "fields": {"connector": 8069, "shutdown": 8163}}, {"model": "core.port", "pk": 72, "fields": {"connector": 8069, "shutdown": 8163}}, {"model": "core.port", "pk": 73, "fields": {"connector": 8069, "shutdown": 8163}}, {"model": "core.port", "pk": 74, "fields": {"connector": 8070, "shutdown": 8164}}, {"model": "core.port", "pk": 75, "fields": {"connector": 8071, "shutdown": 8165}}, {"model": "core.port", "pk": 76, "fields": {"connector": 8072, "shutdown": 8166}}, {"model": "core.port", "pk": 77, "fields": {"connector": 8073, "shutdown": 8167}}, {"model": "core.port", "pk": 78, "fields": {"connector": 8074, "shutdown": 8168}}, {"model": "core.port", "pk": 79, "fields": {"connector": 8075, "shutdown": 8169}}, {"model": "core.port", "pk": 80, "fields": {"connector": 8076, "shutdown": 8170}}, {"model": "core.port", "pk": 81, "fields": {"connector": 8077, "shutdown": 8171}}, {"model": "core.port", "pk": 82, "fields": {"connector": 8078, "shutdown": 8172}}, {"model": "core.port", "pk": 83, "fields": {"connector": 8079, "shutdown": 8173}}, {"model": "core.port", "pk": 84, "fields": {"connector": 8080, "shutdown": 8174}}, {"model": "core.client", "pk": 1, "fields": {"name": "Cheff Solutions", "link": "http://webapps01.acom.net.br:8100/crm_cheffsolutions", "port": 4, "system": 6, "version": "2017-04-13", "status": "1"}}, {"model": "core.client", "pk": 2, "fields": {"name": "Cheff Solutions", "link": "http://webapps01.acom.net.br:8100/gse_cheffsolutions", "port": 4, "system": 4, "version": "2018-06-14", "status": "1"}}, {"model": "core.client", "pk": 3, "fields": {"name": "Cheff Solutions", "link": "http://webapps01.acom.net.br:8100/portal_cheffsolutions", "port": 4, "system": 8, "version": "2017-02-03", "status": "1"}}, {"model": "core.client", "pk": 4, "fields": {"name": "Oceanica", "link": "http://webapps01.acom.net.br:8101/oce", "port": 5, "system": 5, "version": "2013-12-17", "status": "1"}}, {"model": "core.client", "pk": 5, "fields": {"name": "Acom", "link": "http://webapps01.acom.net.br:8102/crm_acom", "port": 6, "system": 6, "version": "2016-09-14", "status": "1"}}, {"model": "core.client", "pk": 6, "fields": {"name": "Acom", "link": "http://webapps01.acom.net.br:8102/gse_acom", "port": 6, "system": 4, "version": "2016-09-16", "status": "1"}}, {"model": "core.client", "pk": 7, "fields": {"name": "Porto a Porto", "link": "http://webapps01.acom.net.br:8103/plo", "port": 8, "system": 2, "version": "2020-07-30", "status": "1"}}, {"model": "core.client", "pk": 9, "fields": {"name": "Alento", "link": "http://webapps01.acom.net.br:8104/plo", "port": 9, "system": 2, "version": "2020-07-30", "status": "1"}}, {"model": "core.client", "pk": 10, "fields": {"name": "O Brazeiro", "link": "http://webapps01.acom.net.br:8105/plo", "port": 10, "system": 2, "version": "2020-07-30", "status": "1"}}, {"model": "auth.permission", "pk": 1, "fields": {"name": "Can add log entry", "content_type": 1, "codename": "add_logentry"}}, {"model": "auth.permission", "pk": 2, "fields": {"name": "Can change log entry", "content_type": 1, "codename": "change_logentry"}}, {"model": "auth.permission", "pk": 3, "fields": {"name": "Can delete log entry", "content_type": 1, "codename": "delete_logentry"}}, {"model": "auth.permission", "pk": 4, "fields": {"name": "Can view log entry", "content_type": 1, "codename": "view_logentry"}}, {"model": "auth.permission", "pk": 5, "fields": {"name": "Can add permission", "content_type": 2, "codename": "add_permission"}}, {"model": "auth.permission", "pk": 6, "fields": {"name": "Can change permission", "content_type": 2, "codename": "change_permission"}}, {"model": "auth.permission", "pk": 7, "fields": {"name": "Can delete permission", "content_type": 2, "codename": "delete_permission"}}, {"model": "auth.permission", "pk": 8, "fields": {"name": "Can view permission", "content_type": 2, "codename": "view_permission"}}, {"model": "auth.permission", "pk": 9, "fields": {"name": "Can add group", "content_type": 3, "codename": "add_group"}}, {"model": "auth.permission", "pk": 10, "fields": {"name": "Can change group", "content_type": 3, "codename": "change_group"}}, {"model": "auth.permission", "pk": 11, "fields": {"name": "Can delete group", "content_type": 3, "codename": "delete_group"}}, {"model": "auth.permission", "pk": 12, "fields": {"name": "Can view group", "content_type": 3, "codename": "view_group"}}, {"model": "auth.permission", "pk": 13, "fields": {"name": "Can add user", "content_type": 4, "codename": "add_user"}}, {"model": "auth.permission", "pk": 14, "fields": {"name": "Can change user", "content_type": 4, "codename": "change_user"}}, {"model": "auth.permission", "pk": 15, "fields": {"name": "Can delete user", "content_type": 4, "codename": "delete_user"}}, {"model": "auth.permission", "pk": 16, "fields": {"name": "Can view user", "content_type": 4, "codename": "view_user"}}, {"model": "auth.permission", "pk": 17, "fields": {"name": "Can add content type", "content_type": 5, "codename": "add_contenttype"}}, {"model": "auth.permission", "pk": 18, "fields": {"name": "Can change content type", "content_type": 5, "codename": "change_contenttype"}}, {"model": "auth.permission", "pk": 19, "fields": {"name": "Can delete content type", "content_type": 5, "codename": "delete_contenttype"}}, {"model": "auth.permission", "pk": 20, "fields": {"name": "Can view content type", "content_type": 5, "codename": "view_contenttype"}}, {"model": "auth.permission", "pk": 21, "fields": {"name": "Can add session", "content_type": 6, "codename": "add_session"}}, {"model": "auth.permission", "pk": 22, "fields": {"name": "Can change session", "content_type": 6, "codename": "change_session"}}, {"model": "auth.permission", "pk": 23, "fields": {"name": "Can delete session", "content_type": 6, "codename": "delete_session"}}, {"model": "auth.permission", "pk": 24, "fields": {"name": "Can view session", "content_type": 6, "codename": "view_session"}}, {"model": "auth.permission", "pk": 25, "fields": {"name": "Can add port", "content_type": 7, "codename": "add_port"}}, {"model": "auth.permission", "pk": 26, "fields": {"name": "Can change port", "content_type": 7, "codename": "change_port"}}, {"model": "auth.permission", "pk": 27, "fields": {"name": "Can delete port", "content_type": 7, "codename": "delete_port"}}, {"model": "auth.permission", "pk": 28, "fields": {"name": "Can view port", "content_type": 7, "codename": "view_port"}}, {"model": "auth.permission", "pk": 29, "fields": {"name": "Can add system", "content_type": 8, "codename": "add_system"}}, {"model": "auth.permission", "pk": 30, "fields": {"name": "Can change system", "content_type": 8, "codename": "change_system"}}, {"model": "auth.permission", "pk": 31, "fields": {"name": "Can delete system", "content_type": 8, "codename": "delete_system"}}, {"model": "auth.permission", "pk": 32, "fields": {"name": "Can view system", "content_type": 8, "codename": "view_system"}}, {"model": "auth.permission", "pk": 33, "fields": {"name": "Can add client", "content_type": 9, "codename": "add_client"}}, {"model": "auth.permission", "pk": 34, "fields": {"name": "Can change client", "content_type": 9, "codename": "change_client"}}, {"model": "auth.permission", "pk": 35, "fields": {"name": "Can delete client", "content_type": 9, "codename": "delete_client"}}, {"model": "auth.permission", "pk": 36, "fields": {"name": "Can view client", "content_type": 9, "codename": "view_client"}}, {"model": "auth.user", "pk": 1, "fields": {"password": "pbkdf2_sha256$180000$jEgZIwbwfDKX$iDOdk2CdCFTX/4jS/L3/wQdJPW6X4NrACacXBqOjURE=", "last_login": "2020-07-31T03:52:48.331Z", "is_superuser": true, "username": "sara", "first_name": "Sara", "last_name": "Ferreira", "email": "ferreirasara1501@hotmail.com", "is_staff": true, "is_active": true, "date_joined": "2020-07-31T00:57:51Z", "groups": [], "user_permissions": [1, 2, 3, 4, 9, 10, 11, 12, 5, 6, 7, 8, 13, 14, 15, 16, 17, 18, 19, 20, 33, 34, 35, 36, 25, 26, 27, 28, 29, 30, 31, 32, 21, 22, 23, 24]}}, {"model": "auth.user", "pk": 4, "fields": {"password": "pbkdf2_sha256$180000$xDTLZhAEqiz3$haHtTIvAloOm6jmeTckcnwCqagtNvvhc0FXFyY5Sl4o=", "last_login": "2020-07-31T03:25:25.819Z", "is_superuser": true, "username": "admin", "first_name": "Administrador", "last_name": "", "email": "", "is_staff": true, "is_active": true, "date_joined": "2020-07-31T03:23:32Z", "groups": [], "user_permissions": [1, 2, 3, 4, 9, 10, 11, 12, 5, 6, 7, 8, 13, 14, 15, 16, 17, 18, 19, 20, 33, 34, 35, 36, 25, 26, 27, 28, 29, 30, 31, 32, 21, 22, 23, 24]}}, {"model": "admin.logentry", "pk": 1, "fields": {"action_time": "2020-07-31T00:58:40.646Z", "user": 1, "content_type": 8, "object_id": "1", "object_repr": "[PLO] Portal da Loja", "action_flag": 1, "change_message": "[{\"added\": {}}]"}}, {"model": "admin.logentry", "pk": 2, "fields": {"action_time": "2020-07-31T01:01:44.645Z", "user": 1, "content_type": 8, "object_id": "1", "object_repr": "[PLO] Portal da Loja", "action_flag": 3, "change_message": ""}}, {"model": "admin.logentry", "pk": 3, "fields": {"action_time": "2020-07-31T01:18:29.825Z", "user": 1, "content_type": 9, "object_id": "8", "object_repr": "teste", "action_flag": 1, "change_message": "[{\"added\": {}}]"}}, {"model": "admin.logentry", "pk": 4, "fields": {"action_time": "2020-07-31T02:31:11.933Z", "user": 1, "content_type": 4, "object_id": "1", "object_repr": "sara", "action_flag": 2, "change_message": "[{\"changed\": {\"fields\": [\"First name\", \"Last name\", \"Email address\", \"User permissions\"]}}]"}}, {"model": "admin.logentry", "pk": 5, "fields": {"action_time": "2020-07-31T03:14:29.679Z", "user": 1, "content_type": 4, "object_id": "3", "object_repr": "sarinha", "action_flag": 3, "change_message": ""}}, {"model": "admin.logentry", "pk": 6, "fields": {"action_time": "2020-07-31T03:14:29.683Z", "user": 1, "content_type": 4, "object_id": "2", "object_repr": "teste", "action_flag": 3, "change_message": ""}}, {"model": "admin.logentry", "pk": 7, "fields": {"action_time": "2020-07-31T03:24:27.977Z", "user": 1, "content_type": 4, "object_id": "4", "object_repr": "admin", "action_flag": 2, "change_message": "[{\"changed\": {\"fields\": [\"First name\", \"User permissions\"]}}]"}}]